<?xml version="1.0" encoding="UTF-8"?>
<metadata xml:lang="en"><Esri><CreaDate>20170223</CreaDate><CreaTime>15183500</CreaTime><ArcGISFormat>1.0</ArcGISFormat><SyncOnce>TRUE</SyncOnce><DataProperties><lineage><Process ToolSource="c:\program files (x86)\arcgis\desktop10.1\ArcToolbox\Toolboxes\Conversion Tools.tbx\RasterToPolygon" Date="20170117" Time="143047">RasterToPolygon dhru_grid "C:\Users\envpsg\Desktop\Danny\Project\SWAT-MODFLOW tutorial\Analysis_02\dhru_gr.shp" NO_SIMPLIFY VALUE</Process><Process ToolSource="c:\program files (x86)\arcgis\desktop10.1\ArcToolbox\Toolboxes\Data Management Tools.tbx\CalculateField" Date="20170117" Time="233110">CalculateField dhru_gr grid_id [ID] VB #</Process></lineage></DataProperties></Esri></metadata>
